<?xml version="1.0" encoding="UTF-8"?><?xml-stylesheet type='text/xsl' href='_UpgradeReport_Files/UpgradeReport.xslt'?><UpgradeLog>
<Properties><Property Name="Solution" Value="Alarm">
</Property><Property Name="Solution File" Value="Z:\awassyng On My Mac\2AA4-2010\Alarm3\Alarm.sln">
</Property><Property Name="User Options File" Value="Z:\awassyng On My Mac\2AA4-2010\Alarm3\Alarm.suo">
</Property><Property Name="Date" Value="Wednesday, October 24, 2012">
</Property><Property Name="Time" Value="21:57 PM">
</Property></Properties><Event ErrorLevel="0" Project="" Source="Alarm.sln" Description="File successfully backed up as Z:\awassyng On My Mac\2AA4-2010\Alarm3\Backup\Alarm.sln">
</Event><Event ErrorLevel="0" Project="" Source="Alarm.suo" Description="File successfully backed up as Z:\awassyng On My Mac\2AA4-2010\Alarm3\Backup\Alarm.suo">
</Event><Event ErrorLevel="0" Project="Alarm" Source="Alarm\Alarm.csproj" Description="Project file successfully backed up as Z:\awassyng On My Mac\2AA4-2010\Alarm3\Backup\Alarm\Alarm.csproj">
</Event><Event ErrorLevel="0" Project="Alarm" Source="Alarm\Alarm.csproj.user" Description="Project user file successfully backed up as Z:\awassyng On My Mac\2AA4-2010\Alarm3\Backup\Alarm\Alarm.csproj.user">
</Event><Event ErrorLevel="0" Project="Alarm" Source="Alarm\CASAlarm.cs" Description="File successfully backed up as Z:\awassyng On My Mac\2AA4-2010\Alarm3\Backup\Alarm\CASAlarm.cs">
</Event><Event ErrorLevel="0" Project="Alarm" Source="Alarm\Form1.cs" Description="File successfully backed up as Z:\awassyng On My Mac\2AA4-2010\Alarm3\Backup\Alarm\Form1.cs">
</Event><Event ErrorLevel="0" Project="Alarm" Source="Alarm\Form1.Designer.cs" Description="File successfully backed up as Z:\awassyng On My Mac\2AA4-2010\Alarm3\Backup\Alarm\Form1.Designer.cs">
</Event><Event ErrorLevel="0" Project="Alarm" Source="Alarm\Program.cs" Description="File successfully backed up as Z:\awassyng On My Mac\2AA4-2010\Alarm3\Backup\Alarm\Program.cs">
</Event><Event ErrorLevel="0" Project="Alarm" Source="Alarm\Properties\AssemblyInfo.cs" Description="File successfully backed up as Z:\awassyng On My Mac\2AA4-2010\Alarm3\Backup\Alarm\Properties\AssemblyInfo.cs">
</Event><Event ErrorLevel="0" Project="Alarm" Source="Alarm\Properties\Resources.Designer.cs" Description="File successfully backed up as Z:\awassyng On My Mac\2AA4-2010\Alarm3\Backup\Alarm\Properties\Resources.Designer.cs">
</Event><Event ErrorLevel="0" Project="Alarm" Source="Alarm\Properties\Settings.Designer.cs" Description="File successfully backed up as Z:\awassyng On My Mac\2AA4-2010\Alarm3\Backup\Alarm\Properties\Settings.Designer.cs">
</Event><Event ErrorLevel="0" Project="Alarm" Source="Alarm\Properties\Settings.settings" Description="File successfully backed up as Z:\awassyng On My Mac\2AA4-2010\Alarm3\Backup\Alarm\Properties\Settings.settings">
</Event><Event ErrorLevel="0" Project="Alarm" Source="Alarm\Form1.resx" Description="File successfully backed up as Z:\awassyng On My Mac\2AA4-2010\Alarm3\Backup\Alarm\Form1.resx">
</Event><Event ErrorLevel="0" Project="Alarm" Source="Alarm\Properties\Resources.resx" Description="File successfully backed up as Z:\awassyng On My Mac\2AA4-2010\Alarm3\Backup\Alarm\Properties\Resources.resx">
</Event><Event ErrorLevel="0" Project="Alarm" Source="Alarm\Alarm.csproj" Description="Project converted successfully">
</Event><Event ErrorLevel="3" Project="Alarm" Source="Alarm\Alarm.csproj" Description="Converted">
</Event><Event ErrorLevel="0" Project="" Source="Alarm.sln" Description="Solution converted successfully">
</Event><Event ErrorLevel="3" Project="" Source="Alarm.sln" Description="Converted">
</Event><Event ErrorLevel="0" Project="Alarm" Source="Alarm\Alarm.csproj" Description="Scan complete: Upgrade not required for project files.">
</Event></UpgradeLog>